,lifetime_s,lifetime_s,mean_top_m,mean_top_m,max_top_m,max_top_m,mean_w_ms,mean_w_ms,max_area_m2,max_area_m2
,mean,std,mean,std,mean,std,mean,std,mean,std
class_k,,,,,,,,,,
0,285.1630434782609,187.19927904411315,932.3605,238.54291,1041.3043,303.54254,0.4207128497933888,0.22063743765088253,135681.04619565216,153890.94509670828
1,272.9801324503311,157.17843237113993,1341.2369,172.57954,1525.2483,210.21552,0.2907770878848518,0.33551029158541407,266113.4105960265,317188.79017832625
