,lifetime_s,lifetime_s,mean_top_m,mean_top_m,max_top_m,max_top_m,mean_w_ms,mean_w_ms,max_area_m2,max_area_m2
,mean,std,mean,std,mean,std,mean,std,mean,std
class_k,,,,,,,,,,
0,282.51428571428573,159.9226413974178,1356.2832,177.06297,1542.7858,204.85468,0.3286912772333848,0.33371709178338194,294692.85714285716,310125.2865785222
1,281.16279069767444,188.0724294734594,896.1799,196.47227,998.6192,263.799,0.4104903938335388,0.21869355915921745,112042.1511627907,120732.5084519836
