,lifetime_s,lifetime_s,mean_top_m,mean_top_m,max_top_m,max_top_m,mean_w_ms,mean_w_ms,max_area_m2,max_area_m2
,mean,std,mean,std,mean,std,mean,std,mean,std
class_k,,,,,,,,,,
0,260.7692307692308,135.6558309556648,837.90594,136.73099,920.96155,201.94197,0.3803175946697593,0.19213826910607684,93730.76923076923,93462.96299044925
1,325.0359712230216,207.45655770395874,1302.8248,200.08199,1516.9965,211.88106,0.36951339046182713,0.3125255369442775,331551.2589928057,300404.9704047428
