,lifetime_s,lifetime_s,mean_top_m,mean_top_m,max_top_m,max_top_m,mean_w_ms,mean_w_ms,max_area_m2,max_area_m2
,mean,std,mean,std,mean,std,mean,std,mean,std
class_k,,,,,,,,,,
0,79.6875,129.78442149577168,998.69794,257.3351,1033.2031,293.58478,0.1954179761960404,0.3223880528990629,74340.8203125,144833.33035392236
1,85.74712643678161,147.43680928484412,1016.64905,269.73685,1054.2625,300.05475,0.1767457215993226,0.4234661632165013,79966.47509578544,139160.31698613326
